sector,tic_id,windows,status
25,257305998,100,kept
25,274222402,100,kept
25,420114439,100,kept
25,219493088,100,kept
25,237098588,100,kept
25,351594106,100,kept
25,284856625,100,kept
25,52851609,100,kept
25,9730456,100,kept
25,311275985,100,kept
26,649314102,100,kept
26,356238981,100,kept
26,441608536,100,kept
26,363859338,100,kept
26,233211421,100,kept
26,289582918,100,kept
26,420645189,100,kept
26,333151036,100,kept
26,459978577,100,kept
26,257821410,100,kept
27,32150672,100,kept
27,466277085,100,kept
27,291065233,100,kept
27,138993695,100,kept
27,424944268,100,kept
27,267063536,100,kept
27,273308005,100,kept
27,91192077,100,kept
27,410463477,100,kept
27,394346780,100,kept
28,220483780,100,kept
28,38696105,100,kept
28,260241701,100,kept
28,89039719,100,kept
28,139991495,100,kept
28,350840417,100,kept
28,69746547,100,kept
28,29834988,100,kept
28,630705685,100,kept
28,2028349753,100,kept
29,140598179,100,kept
29,370137314,100,kept
29,257720227,100,kept
29,382419656,100,kept
29,80438414,100,kept
29,144433451,100,kept
29,214664495,100,kept
29,25155510,100,kept
29,650285932,100,kept
29,650561395,100,kept
30,381974367,100,kept
30,423360793,100,kept
30,393483049,100,kept
30,165161881,100,kept
30,220436523,100,kept
30,241711918,100,kept
30,114504596,100,kept
30,142178421,100,kept
30,63943868,100,kept
30,38905538,100,kept
31,308245695,100,kept
31,12606950,100,kept
31,36757195,100,kept
31,44682479,100,kept
31,49908229,100,kept
31,179082619,100,kept
31,177179102,100,kept
31,219239743,100,kept
31,101016472,100,kept
31,38631136,100,kept
32,4378674,100,kept
32,219403159,100,kept
32,454148275,100,kept
32,178995060,100,kept
32,349964939,100,kept
32,141482069,100,kept
32,77477283,100,kept
32,142085649,100,kept
32,456888963,100,kept
32,684070,100,kept
33,36551851,100,kept
33,157003013,100,kept
33,55663141,100,kept
33,235067975,100,kept
33,262386586,100,kept
33,142052608,100,kept
33,143078111,100,kept
33,231808293,100,kept
33,23031858,100,kept
33,157743738,100,kept
34,55604441,100,kept
34,184724339,100,kept
34,54280435,100,kept
34,737705489,100,kept
34,122720255,100,kept
34,5664128,100,kept
34,184237309,100,kept
34,412573902,100,kept
34,114798403,100,kept
34,183407026,100,kept
35,262713927,100,kept
35,176983552,100,kept
35,22083423,100,kept
35,262712617,100,kept
35,382626022,100,kept
35,350954351,100,kept
35,269341244,100,kept
35,45811177,100,kept
35,146036695,100,kept
35,310645192,100,kept
36,146715928,100,kept
36,457833834,100,kept
36,144189004,100,kept
36,358336282,100,kept
36,309615966,100,kept
36,53575097,100,kept
36,429181615,100,kept
36,303692358,100,kept
37,806599595,100,kept
37,449486448,100,kept
37,350744678,100,kept
37,38680734,100,kept
37,149970589,100,kept
37,144076410,100,kept
37,437668472,100,kept
37,284196649,100,kept
37,142146051,100,kept
37,156619344,100,kept
38,453459331,100,kept
38,293973445,100,kept
38,32152015,100,kept
38,349679418,100,kept
38,454323762,100,kept
38,260507598,100,kept
38,121629113,100,kept
38,180022216,100,kept
38,383635186,100,kept
38,425591703,100,kept
39,412152454,100,kept
39,307397254,100,kept
39,263484959,100,kept
39,25155984,100,kept
39,343451767,100,kept
39,291417201,100,kept
39,210518257,100,kept
39,418427131,100,kept
39,216860226,100,kept
40,137151335,100,kept
40,154008972,100,kept
40,322524383,100,kept
40,441594250,100,kept
40,230283959,100,kept
40,160491815,100,kept
40,270780321,100,kept
40,423262727,100,kept
40,298600418,100,kept
40,355668498,100,kept
41,287135197,100,kept
41,236781290,100,kept
41,147879459,100,kept
41,362313008,100,kept
41,282458419,100,kept
41,159335253,100,kept
41,376883820,100,kept
41,310934741,100,kept
41,258202644,100,kept
42,388766254,100,kept
42,468357515,100,kept
42,4612575,100,kept
42,456907323,100,kept
42,347440529,100,kept
42,248988911,100,kept
42,408627798,100,kept
42,401421773,100,kept
42,269352455,100,kept
42,439850231,100,kept
43,150172502,100,kept
43,246936758,100,kept
43,365109059,100,kept
43,246931528,100,kept
43,302201704,100,kept
43,81638171,100,kept
43,365111715,100,kept
43,303339165,100,kept
43,79519247,100,kept
43,2776520,100,kept
44,58285917,100,kept
44,268326514,100,kept
44,435881346,100,kept
44,255662826,100,kept
44,84355127,100,kept
44,740650432,100,kept
44,14107735,100,kept
44,247410845,100,kept
44,116859605,100,kept
44,60995046,100,kept
45,323493410,100,kept
45,432915224,100,kept
45,320536397,100,kept
45,349945601,100,kept
45,462512093,100,kept
45,388897718,100,kept
45,91917252,100,kept
45,14450732,100,kept
45,356377075,100,kept
45,364954235,100,kept
46,60257911,100,kept
46,27069267,100,kept
46,323474833,100,kept
46,27652512,100,kept
46,95435589,100,kept
46,126233371,100,kept
46,4555425,100,kept
46,178268553,100,kept
46,366657979,100,kept
47,288468168,100,kept
47,298363685,100,kept
47,241186954,100,kept
47,900786494,100,kept
47,160586189,100,kept
47,376926030,100,kept
47,233071986,100,kept
47,73482541,100,kept
47,154404119,100,kept
47,272615711,100,kept
48,445861731,100,kept
48,115861311,100,kept
48,316332502,100,kept
48,154561790,100,kept
48,171603787,100,kept
48,138735661,100,kept
48,356630443,100,kept
48,219739347,100,kept
48,1551738333,100,kept
48,70681749,100,kept
49,87599704,100,kept
49,236817738,100,kept
49,229689153,100,kept
49,376524285,100,kept
49,298665056,100,kept
49,1201274414,100,kept
49,230122220,100,kept
49,255807088,100,kept
49,397553622,100,kept
49,199460440,100,kept
50,198384223,100,kept
50,141330327,100,kept
50,198107191,100,kept
50,298166010,100,kept
50,229752332,100,kept
50,321553293,100,kept
50,224309126,100,kept
50,233504752,100,kept
50,199712197,100,kept
51,445848966,100,kept
51,445084152,100,kept
51,229910234,100,kept
51,298288886,100,kept
51,441720037,100,kept
51,188822749,100,kept
51,288611263,100,kept
51,462618914,100,kept
51,417734868,100,kept
51,233466546,100,kept
52,233054478,100,kept
52,193874529,100,kept
52,154840620,100,kept
52,207492417,100,kept
52,159244204,100,kept
52,441738774,100,kept
52,198456464,100,kept
52,198240464,100,kept
52,275458463,100,kept
52,366581547,100,kept
53,281486951,100,kept
53,441600335,100,kept
53,441638194,100,kept
53,75656676,100,kept
53,281431160,100,kept
53,312812376,100,kept
53,219762611,100,kept
53,188633014,100,kept
53,198781841,100,kept
53,299028948,100,kept
54,1973201671,100,kept
54,338305397,100,kept
54,424440068,100,kept
54,289455372,100,kept
54,395307948,100,kept
54,169815270,100,kept
54,156879669,100,kept
54,278840551,100,kept
54,230069390,100,kept
54,87834454,100,kept
55,441807720,100,kept
55,229706335,100,kept
55,159447393,100,kept
55,229495661,100,kept
55,393867985,100,kept
55,199547573,100,kept
55,236906222,100,kept
55,305446550,100,kept
55,164832884,100,kept
55,1984254165,100,kept
56,233075671,100,kept
56,376846937,100,kept
56,357777444,100,kept
56,455556361,100,kept
56,153943235,100,kept
56,64476673,100,kept
56,90923164,100,kept
56,269696791,100,kept
56,232615474,100,kept
56,160804898,100,kept
57,238391255,100,kept
57,150861292,100,kept
57,256718892,100,kept
57,16879319,100,kept
57,371059614,100,kept
57,66549499,100,kept
57,150971460,100,kept
57,374291215,100,kept
57,233737354,100,kept
57,600791885,100,kept
58,264909950,100,kept
58,116991977,100,kept
58,641210817,100,kept
58,407162781,100,kept
58,468304044,100,kept
58,21117091,100,kept
58,427240280,100,kept
58,230123572,100,kept
58,420393296,100,kept
58,232611919,100,kept
59,428988981,100,kept
59,155662476,100,kept
59,82500514,100,kept
59,2051589552,100,kept
59,328998151,100,kept
59,9139116,100,kept
59,229740594,100,kept
59,229747848,100,kept
59,259465832,100,kept
59,435742094,100,kept
60,802644353,100,kept
60,298071897,100,kept
60,365921901,100,kept
60,22705558,100,kept
60,157758211,100,kept
60,321413937,100,kept
60,4604435,100,kept
61,96803744,100,kept
61,349417244,100,kept
61,309926308,100,kept
61,80719034,100,kept
61,2089984,100,kept
61,134545456,100,kept
61,800057172,100,kept
61,364395704,100,kept
61,140579674,100,kept
61,134596619,100,kept
62,285704249,100,kept
62,36763033,100,kept
62,26228906,100,kept
62,101423934,100,kept
62,143992817,100,kept
62,81801316,100,kept
62,268115958,100,kept
62,38609671,100,kept
62,255560639,100,kept
62,298082834,100,kept
63,99140314,100,kept
63,332823538,100,kept
63,335433196,100,kept
63,149250753,100,kept
63,458962112,100,kept
63,167811761,100,kept
63,149304313,100,kept
63,349521875,100,kept
63,307363368,100,kept
63,359049434,100,kept
64,30119875,100,kept
64,323341780,100,kept
64,231077395,100,kept
64,33833289,100,kept
64,952023550,100,kept
64,21009910,100,kept
64,302048382,100,kept
64,229181558,100,kept
64,31512788,100,kept
64,167085840,100,kept
65,349573009,100,kept
65,160444291,100,kept
65,293225274,100,kept
65,394699386,100,kept
65,55478693,100,kept
65,340095862,100,kept
65,210705384,100,kept
65,906675551,100,kept
66,177308369,100,kept
66,337884304,100,kept
66,63866514,100,kept
66,383298365,100,kept
66,410365000,100,kept
66,382075815,100,kept
66,405962549,100,kept
66,314829796,100,kept
66,279056085,100,kept
66,424953530,100,kept
67,8194633,100,kept
67,31695387,100,kept
67,6766215,100,kept
67,389422644,100,kept
67,320847025,100,kept
67,354845167,100,kept
67,41232835,100,kept
67,426016973,100,kept
67,323434598,100,kept
67,113583379,100,kept
68,276861788,100,kept
68,2026166992,100,kept
68,394585107,100,kept
68,152282273,100,kept
68,150141471,100,kept
68,149540525,100,kept
68,737292010,100,kept
68,303909865,100,kept
68,278867172,100,kept
68,220500424,100,kept
69,631470041,100,kept
69,102033436,100,kept
69,229157718,100,kept
69,2051769159,100,kept
69,234491752,100,kept
69,141809220,100,kept
69,2055522213,100,kept
69,155913741,100,kept
70,97327264,100,kept
70,257841714,100,kept
70,611095155,100,kept
70,113922031,100,kept
70,176058549,100,kept
70,434105513,100,kept
70,52159035,100,kept
70,2052838394,100,kept
70,251022039,100,kept
70,398572591,100,kept
71,411699546,100,kept
71,346593111,100,kept
71,432995592,100,kept
71,800797537,100,kept
71,434260027,100,kept
71,443886550,100,kept
71,2778177,100,kept
71,1755406,100,kept
71,18544371,100,kept
71,293513505,100,kept
72,842245207,100,kept
72,372616849,100,kept
72,281930144,100,kept
72,46298321,100,kept
72,175240612,100,kept
72,455272199,100,kept
72,363478545,100,kept
72,17817705,100,kept
72,178267232,100,kept
72,60186038,100,kept
73,1001616446,100,kept
73,88569921,100,kept
73,264222798,100,kept
73,174826716,100,kept
73,2023856107,100,kept
73,704246579,100,kept
73,230084146,100,kept
73,468798516,100,kept
73,366872321,100,kept
73,229650439,100,kept
74,1717416294,100,kept
74,743511939,100,kept
74,123091906,100,kept
74,158729099,100,kept
74,138097784,100,kept
74,169462917,100,kept
74,164522394,100,kept
74,355807717,100,kept
74,219857012,100,kept
74,273866337,100,kept
75,950551413,100,kept
75,285888275,100,kept
75,1969294113,100,kept
75,359499459,100,kept
75,27845677,100,kept
75,1883474589,100,kept
75,154093124,100,kept
75,1102450922,100,kept
75,1976868476,100,kept
75,380407422,100,kept
76,1981140374,100,kept
76,364819893,100,kept
76,383673767,100,kept
76,232563914,100,kept
76,154383461,100,kept
76,2013747304,100,kept
76,154014348,100,kept
76,199522589,100,kept
76,154219747,100,kept
76,63457231,100,kept
77,165764136,100,kept
77,336092760,100,kept
77,298663903,100,kept
77,356701798,100,kept
77,2022302893,100,kept
77,229448538,100,kept
77,456041847,100,kept
77,1101235803,100,kept
77,393961551,100,kept
77,1201227173,100,kept
78,229605891,100,kept
78,1200905851,100,kept
78,13276487,100,kept
78,230029140,100,kept
78,353503542,100,kept
79,120030856,100,kept
79,400238490,100,kept
79,287184544,100,kept
79,267257447,100,kept
79,1508575429,100,kept
79,1271194512,100,kept
79,165539491,100,kept
79,1308512401,100,kept
79,1271347484,100,kept
79,467361658,100,kept
80,233576098,100,kept
80,282230756,100,kept
80,120692317,100,kept
80,237277760,100,kept
80,54303347,100,kept
80,230378284,100,kept
80,299033092,100,kept
80,159642269,100,kept
80,311872907,100,kept
80,1790750589,100,kept
81,198390914,100,kept
81,288516513,100,kept
81,248861930,100,kept
81,27778479,100,kept
81,441717606,100,kept
81,439593330,100,kept
81,178292586,100,kept
81,28940105,100,kept
81,121945947,100,kept
81,270857590,100,kept
82,375934813,100,kept
82,27687120,100,kept
82,273234419,100,kept
82,122298677,100,kept
82,158274583,100,kept
82,158489423,100,kept
82,1201241588,100,kept
82,271349932,100,kept
82,198457856,100,kept
82,63372898,100,kept
83,56188610,100,kept
83,258630311,100,kept
83,435837260,100,kept
83,420263513,100,kept
83,56188398,100,kept
83,1201328516,100,kept
83,150713389,100,kept
83,27864699,100,kept
83,427685894,100,kept
83,243126631,100,kept
84,600236751,100,kept
84,233501728,100,kept
84,374138156,100,kept
84,467542646,100,kept
84,233539590,100,kept
84,237300955,100,kept
84,113677019,100,kept
84,416447757,100,kept
84,233238892,100,kept
84,1884196772,100,kept
85,644700441,100,kept
85,233500008,100,kept
85,230002974,100,kept
85,436933294,100,kept
85,1718257254,100,kept
85,353934800,100,kept
85,233504752,100,kept
85,621898557,100,kept
85,301091083,100,kept
85,243315463,100,kept
86,251196433,100,kept
86,347815633,100,kept
86,219861041,100,kept
86,401501843,100,kept
86,670868877,100,kept
86,459858017,100,kept
86,417652824,100,kept
86,256514752,100,kept
87,157008710,100,kept
87,271810430,100,kept
87,37602756,100,kept
87,712536416,100,kept
87,237540344,100,kept
87,277108449,100,kept
87,255744389,100,kept
87,25063986,100,kept
87,177327270,100,kept
87,425143342,100,kept
88,231099300,100,kept
88,167550778,100,kept
88,271807631,100,kept
88,407621805,100,kept
88,350024707,100,kept
88,22642772,100,kept
88,271597463,100,kept
88,412386553,100,kept
88,262614074,100,kept
88,238123875,100,kept
89,181429773,100,kept
89,831426928,100,kept
89,59858193,100,kept
89,348899659,100,kept
89,765772924,100,kept
89,440546814,100,kept
89,388129478,100,kept
89,142110261,100,kept
89,308396509,100,kept
89,220429292,100,kept
90,684939574,100,kept
90,260128333,100,kept
90,912047923,100,kept
90,452314602,100,kept
90,38509907,100,kept
90,358154354,100,kept
90,162096886,100,kept
90,167814740,100,kept
90,150357613,100,kept
90,370041901,100,kept
91,1002464526,100,kept
91,335987668,100,kept
91,20541855,100,kept
91,953704264,100,kept
91,392325299,100,kept
91,67680576,100,kept
91,305822774,100,kept
91,1608570057,100,kept
91,101469203,100,kept
91,79091075,100,kept
92,434103318,100,kept
92,313885044,100,kept
92,1444445283,100,kept
92,28840642,100,kept
92,425044644,100,kept
92,2124728,100,kept
92,430818361,100,kept
92,115591448,100,kept
92,2029226407,100,kept
92,209395139,100,kept
93,349966274,100,kept
93,348842808,100,kept
93,453218982,100,kept
93,32001054,100,kept
93,167894606,100,kept
93,323835092,100,kept
93,149930009,100,kept
93,38516117,100,kept
93,391922626,100,kept
93,31960529,100,kept
94,38760904,100,kept
94,383383977,100,kept
94,25116119,100,kept
94,766180021,100,kept
94,62377215,100,kept
94,382146692,100,kept
94,211037159,100,kept
94,271903417,100,kept
94,358401810,100,kept
94,150148654,100,kept
95,262609922,100,kept
95,410148949,100,kept
95,150273255,100,kept
95,150063444,100,kept
95,167526477,100,kept
95,150165735,100,kept
95,349642732,100,kept
95,32090581,100,kept
95,369705840,100,kept
95,31655134,100,kept
96,31506338,100,kept
96,206686292,100,kept
96,615827903,100,kept
96,140802488,100,kept
96,149125377,100,kept
96,12393800,100,kept
96,176935123,100,kept
97,309617509,100,kept
97,631765814,100,kept
97,278955742,100,kept
97,142852289,100,kept
97,159923287,100,kept
97,160004049,100,kept
97,38707949,100,kept
97,300142103,100,kept
97,179445380,100,kept
97,142146250,100,kept
98,24722438,100,kept
98,672881781,100,kept
98,139679837,100,kept
98,238196350,100,kept
98,412061338,100,kept
98,452787467,100,kept
98,672705011,100,kept
98,672133696,100,kept
98,237395141,100,kept
98,94988963,100,kept
99,931989980,100,kept
99,443471801,100,kept
99,13441775,100,kept
99,178653947,100,kept
99,448479988,100,kept
99,875970065,100,kept
99,446895445,100,kept
99,379546066,100,kept
99,80302288,100,kept
99,1005963203,100,kept
100,451210411,100,kept
100,26352390,100,kept
100,263782440,100,kept
100,57183789,100,kept
100,291321562,100,kept
100,283993815,100,kept
100,449076688,100,kept
100,310294189,100,kept
100,268477699,100,kept
100,245231230,100,kept
101,433276704,100,kept
101,371947250,100,kept
101,388857056,100,kept
101,1988687558,100,kept
101,437269250,100,kept
101,901004530,100,kept
101,256009337,100,kept
101,258236455,100,kept
101,454104578,100,kept
101,309734408,100,kept
102,369889157,100,kept
102,615867621,100,kept
102,616111416,100,kept
102,245430125,100,kept
102,303657171,100,kept
102,2026159537,100,kept
102,257573215,100,kept
102,245128327,100,kept
102,206967767,100,kept
102,2055363459,100,kept
103,1988551749,100,kept
103,298728773,100,kept
103,24985783,100,kept
103,2026510982,100,kept
103,1691534869,100,kept
103,76761591,100,kept
103,140769775,100,kept
103,380394028,100,kept
103,74426136,100,kept
103,278425683,100,kept
104,166548234,100,kept
104,142150819,100,kept
104,1924088211,100,kept
104,140492931,100,kept
104,1702139651,100,kept
104,337872715,100,kept
104,118395344,100,kept
104,406323142,100,kept
104,59675401,100,kept
104,206365884,100,kept
